strategy,machine_type,elec_cost,day,n_machines,BTC,USD,price,global_hash_rate,global_mining_rev_btc,machine_hash_rate,machine_wattage,user_hash_rate,revenue_btc,expense_usd,total_position_usd
Long BTC,Antminer S19,0.03,0,166.0,0.0,0.0,62869.495587375786,155349877.0,1044.0527146770157,95.0,3.25,15770.0,0.10598470773463524,388.43999999999994,0.0
Long BTC,Antminer S19,0.03,1,166.0,0.09972816991521759,0.0,62621.714145167956,155349877.0,1044.0500782726165,95.0,3.25,15770.0,0.10598444010585967,388.43999999999994,6248.487940937037
Long BTC,Antminer S19,0.03,2,166.0,0.1995251730849224,0.0,63679.25455329327,155349877.0,1044.0527459461227,95.0,3.25,15770.0,0.10598471090884967,388.43999999999994,12713.140591884046
Long BTC,Antminer S19,0.03,3,166.0,0.29925762044921644,0.0,63322.21797924408,155349877.0,1044.0541521999712,95.0,3.25,15770.0,0.10598485366160633,388.43999999999994,18964.12867268962
Long BTC,Antminer S19,0.03,4,166.0,0.39889278017308855,0.0,63135.79766601669,155349877.0,1044.0541138478072,95.0,3.25,15770.0,0.10598484976837104,388.43999999999994,25214.500201554765
Long BTC,Antminer S19,0.03,5,166.0,0.4983337647295128,0.0,62457.22012423036,155349877.0,1044.0509556222098,95.0,3.25,15770.0,0.1059845291680678,388.43999999999994,31178.15055601897
Long BTC,Antminer S19,0.03,6,166.0,0.5977399994059158,0.0,62776.42501138845,155349877.0,1044.0499539992288,95.0,3.25,15770.0,0.1059844274905209,388.43999999999994,37600.357612434454
Long BTC,Antminer S19,0.03,7,166.0,0.6971756939526546,0.0,65234.79633861841,155349877.0,1044.0507238627329,95.0,3.25,15770.0,0.10598450564151593,388.43999999999994,45615.56403243544
Long BTC,Antminer S19,0.03,8,166.0,0.7966863120788722,0.0,66337.62384422636,155349877.0,1044.0518285067724,95.0,3.25,15770.0,0.10598461777701827,388.43999999999994,53024.4938231973
Long BTC,Antminer S19,0.03,9,166.0,0.8960224057904154,0.0,65209.45260885372,155349877.0,1044.0491135414322,95.0,3.25,15770.0,0.10598434217330208,388.43999999999994,58642.784596369944
Long BTC,Antminer S19,0.03,10,166.0,0.9952033633607629,0.0,65368.87256005655,155349877.0,1044.051869054142,95.0,3.25,15770.0,0.10598462189309502,388.43999999999994,65341.106532207945
Long BTC,Antminer S19,0.03,11,166.0,1.0946153555782445,0.0,68207.18579702487,155349877.0,1044.0514455943767,95.0,3.25,15770.0,0.10598457890651129,388.43999999999994,75024.75706776815
Long BTC,Antminer S19,0.03,12,166.0,1.194037957943659,0.0,70831.70717462042,155349877.0,1044.0497631355029,95.0,3.25,15770.0,0.10598440811541089,388.43999999999994,85062.0204198299
Long BTC,Antminer S19,0.03,13,166.0,1.2935306659426822,0.0,71819.74721139293,155349877.0,1044.054224851707,95.0,3.25,15770.0,0.10598486103668701,388.43999999999994,93448.66067796921
Long BTC,Antminer S19,0.03,14,166.0,1.393022281207907,0.0,73163.8887605325,155349877.0,1044.0508456157822,95.0,3.25,15770.0,0.10598451800100808,388.43999999999994,102565.5142294082
Long BTC,Antminer S19,0.03,15,166.0,1.4924043050266829,0.0,71370.04413232132,158979288.92,1044.0499982722151,95.0,3.25,15770.0,0.10356528093411228,388.43999999999994,107173.52095613223
Long BTC,Antminer S19,0.03,16,166.0,1.5894714816909705,0.0,71913.6889161267,159126085.4,1044.053140902661,95.0,3.25,15770.0,0.10347012583588486,388.43999999999994,115024.77475084296
Long BTC,Antminer S19,0.03,17,166.0,1.686414084352017,0.0,74158.40159582591,159207207.64,1044.050308589837,95.0,3.25,15770.0,0.10341729434000797,388.43999999999994,125935.568162671
Long BTC,Antminer S19,0.03,18,166.0,1.783034297659733,0.0,73599.7519688446,159282934.28,1044.0554251203298,95.0,3.25,15770.0,0.10336858802873636,388.43999999999994,132199.99486355865
Long BTC,Antminer S19,0.03,19,166.0,1.8795865377886738,0.0,74582.07251016129,159445468.24,1044.045592551326,95.0,3.25,15770.0,0.10326286444049046,388.43999999999994,141317.8502072036
Long BTC,Antminer S19,0.03,20,166.0,1.9760230471612368,0.0,75691.8794612293,159561693.52,1044.0465187163472,95.0,3.25,15770.0,0.10318826100458495,388.43999999999994,150907.09836410772
Long BTC,Antminer S19,0.03,21,166.0,2.0720717449613106,0.0,73482.32187998969,159654937.48,1044.052168075342,95.0,3.25,15770.0,0.10312969560143478,388.43999999999994,153742.77203057404
Long BTC,Antminer S19,0.03,22,166.0,2.1677606622770713,0.0,70795.38551912428,161944424.56,1044.0477803726753,95.0,3.25,15770.0,0.10167178365921183,388.43999999999994,154992.95525098045
Long BTC,Antminer S19,0.03,23,166.0,2.262218599007209,0.0,70750.97874198749,162159194.24,1044.0534814425262,95.0,3.25,15770.0,0.10153821372843085,388.43999999999994,161597.25892847741
Long BTC,Antminer S19,0.03,24,166.0,2.3564324482210632,0.0,72069.7757066099,162328367.8,1044.052383814096,95.0,3.25,15770.0,0.10143380213580126,388.43999999999994,171601.81715817068
Long BTC,Antminer S19,0.03,25,166.0,2.450157023186853,0.0,70480.10542522486,162402565.2,1044.0510675649189,95.0,3.25,15770.0,0.10138757911792885,388.43999999999994,174670.10731763058
Long BTC,Antminer S19,0.03,26,166.0,2.543719203810524,0.0,70743.56997438491,162549771.4,1044.0531379138065,95.0,3.25,15770.0,0.10129753596029484,388.43999999999994,182192.1563005547
Long BTC,Antminer S19,0.03,27,166.0,2.637033429376812,0.0,72517.23563163044,162672882.32,1044.0558730727564,95.0,3.25,15770.0,0.10122198296171289,388.43999999999994,193861.45407718088
Long BTC,Antminer S19,0.03,28,166.0,2.730326245385695,0.0,70980.140814437,162809913.96,1044.0499027368464,95.0,3.25,15770.0,0.10113768237452188,388.43999999999994,196501.3176665919
Long BTC,Antminer S19,0.03,29,166.0,2.8238017035988405,0.0,74012.99802488502,165726458.48,1044.0517485134687,95.0,3.25,15770.0,0.0993592921995063,388.43999999999994,212118.50349258722
Long BTC,Antminer S19,0.03,30,166.0,2.9151477556120744,0.0,73820.45645381918,166076414.16,1044.0523186101234,95.0,3.25,15770.0,0.09914975496024558,388.43999999999994,218646.1553226123
Long BTC,Antminer S19,0.03,31,166.0,3.00652139363801,0.0,75887.70100804718,166215095.44,1044.050819378947,95.0,3.25,15770.0,0.09906715488319938,388.43999999999994,231930.2775503869
Long BTC,Antminer S19,0.03,32,166.0,3.0980791202183746,0.0,78153.66729302534,166486307.76,1044.0541455539778,95.0,3.25,15770.0,0.09890807593339421,388.43999999999994,246107.3223236452
Long BTC,Antminer S19,0.03,33,166.0,3.1893541426416023,0.0,79961.02782151694,166615609.8,1044.0541246305816,95.0,3.25,15770.0,0.09883129350168421,388.43999999999994,259492.75672902394
Long BTC,Antminer S19,0.03,34,166.0,3.2803795390910313,0.0,79085.4296755593,166669361.8,1044.0554255727682,95.0,3.25,15770.0,0.0987973162528417,388.43999999999994,264179.0655961301
Long BTC,Antminer S19,0.03,35,166.0,3.3716803322572946,0.0,80181.16090281423,166950133.52,1044.051805660529,95.0,3.25,15770.0,0.09863314878500537,388.43999999999994,275388.7790216298
Long BTC,Antminer S19,0.03,36,166.0,3.462472937140164,0.0,77037.09506052149,167190427.48,1044.0536999635756,95.0,3.25,15770.0,0.09849166216539644,388.43999999999994,271852.6677460378
Long BTC,Antminer S19,0.03,37,166.0,3.5527980574616196,0.0,76529.55409484281,168327997.8,1044.0476668058698,95.0,3.25,15770.0,0.09782149454314804,388.43999999999994,277273.1812237153
Long BTC,Antminer S19,0.03,38,166.0,3.642266944500361,0.0,75883.92865051208,168383200.56,1044.054262326981,95.0,3.25,15770.0,0.09779494197596886,388.43999999999994,282090.4713336367
Long BTC,Antminer S19,0.03,39,166.0,3.731546448895829,0.0,78313.86216866323,168667256.8,1044.0491674242546,95.0,3.25,15770.0,0.09762984797409191,388.43999999999994,298636.63150003745
Long BTC,Antminer S19,0.03,40,166.0,3.820798747031355,0.0,78625.65803276653,168839480.28,1044.0520602375022,95.0,3.25,15770.0,0.09752960980066944,388.43999999999994,306912.7544838675
Long BTC,Antminer S19,0.03,41,166.0,3.9099843127114258,0.0,80091.3877723773,168758414.24,1044.0520220097949,95.0,3.25,15770.0,0.09758393951064077,388.43999999999994,320096.3870497028
Long BTC,Antminer S19,0.03,42,166.0,3.9989435227371275,0.0,78837.05655119025,168968382.12,1044.0531014003857,95.0,3.25,15770.0,0.09746363236875961,388.43999999999994,322488.2571650079
Long BTC,Antminer S19,0.03,43,166.0,4.087589694190826,0.0,80968.38634663342,173219326.52,1044.051119037029,95.0,3.25,15770.0,0.09507262353244096,388.43999999999994,338920.0065764936
Long BTC,Antminer S19,0.03,44,166.0,4.173716148186184,0.0,82259.6516297789,173867892.88,1044.0533487452033,95.0,3.25,15770.0,0.09472246322248289,388.43999999999994,351757.9169331086
Long BTC,Antminer S19,0.03,45,166.0,4.259524865962185,0.0,84433.0190743067,174153370.08,1044.0496208198397,95.0,3.25,15770.0,0.09457165408121185,388.43999999999994,368796.5778204653
Long BTC,Antminer S19,0.03,46,166.0,4.344817088527341,0.0,81469.42371027527,174421864.48,1044.0524428722622,95.0,3.25,15770.0,0.0944307550896514,388.43999999999994,363273.47866491927
Long BTC,Antminer S19,0.03,47,166.0,4.429907552501849,0.0,80716.79988834319,174582502.64,1044.0471720216656,95.0,3.25,15770.0,0.09434687012621787,388.43999999999994,367291.32466227486
Long BTC,Antminer S19,0.03,48,166.0,4.514836574951246,0.0,83201.6940876427,174316412.44,1044.0548494698612,95.0,3.25,15770.0,0.09456554421723663,388.43999999999994,386153.42644139007
Long BTC,Antminer S19,0.03,49,166.0,4.599850027073694,0.0,88052.64295868616,177516915.64,1044.0501103566191,95.0,3.25,15770.0,0.09285391590983137,388.43999999999994,417077.68119195127
Long BTC,Antminer S19,0.03,50,166.0,4.68311373037007,0.0,93547.87284466709,177804462.08,1044.0499368327824,95.0,3.25,15770.0,0.09270661098233876,388.43999999999994,451812.3687528717
Long BTC,Antminer S19,0.03,51,166.0,4.766020758003166,0.0,95990.02737176932,178035403.44,1044.0533568469407,95.0,3.25,15770.0,0.0926045051827236,388.43999999999994,472539.30101568735
Long BTC,Antminer S19,0.03,52,166.0,4.848817085272978,0.0,93607.60487555445,178358814.4,1044.054415527996,95.0,3.25,15770.0,0.09244221330385802,388.43999999999994,468980.9690157632
Long BTC,Antminer S19,0.03,53,166.0,4.931343234421728,0.0,93797.35458034831,178624639.6,1044.0522308766795,95.0,3.25,15770.0,0.09230912617595503,388.43999999999994,477919.80669064145
Long BTC,Antminer S19,0.03,54,166.0,5.013685596752234,0.0,92042.18777026358,178815187.52,1044.051390369853,95.0,3.25,15770.0,0.09221891606373746,388.43999999999994,476691.6800490435
Long BTC,Antminer S19,0.03,55,166.0,5.095705446389506,0.0,90937.27426918544,178726779.36,1044.054584900088,95.0,3.25,15770.0,0.09226842342254966,388.43999999999994,478991.12396483985
Long BTC,Antminer S19,0.03,56,166.0,5.178162707417173,0.0,92930.99652217586,178858401.24,1044.0510895184937,95.0,3.25,15770.0,0.09220742313893114,388.43999999999994,497594.6792489937
Long BTC,Antminer S19,0.03,57,166.0,5.260648438637482,0.0,96352.08740808988,180909192.28,1044.0530642739454,95.0,3.25,15770.0,0.09119840280172391,388.43999999999994,524098.7690809769
Long BTC,Antminer S19,0.03,58,166.0,5.342479490784553,0.0,97854.33909034738,181628407.36,1044.052220391151,95.0,3.25,15770.0,0.09088614015484739,388.43999999999994,540381.7168102381
Long BTC,Antminer S19,0.03,59,166.0,5.423934834677678,0.0,93069.83250873374,182006274.56,1044.0544315251436,95.0,3.25,15770.0,0.09074121207141353,388.43999999999994,521675.69800694985
Long BTC,Antminer S19,0.03,60,166.0,5.50561688816284,0.0,92823.98724933842,182364438.8,1044.051790820426,95.0,3.25,15770.0,0.09056498499398755,388.43999999999994,528063.0103869801
Long BTC,Antminer S19,0.03,61,166.0,5.587089214621223,0.0,94857.70528704679,182675880.12,1044.0529824835364,95.0,3.25,15770.0,0.09041465227525261,388.43999999999994,548132.9248791017
Long BTC,Antminer S19,0.03,62,166.0,5.668233557596669,0.0,92033.59554964265,182887076.44,1044.055203265787,95.0,3.25,15770.0,0.09032247375555773,388.43999999999994,539169.681760834
Long BTC,Antminer S19,0.03,63,166.0,5.749170439028997,0.0,95935.2849957506,182952282.48,1044.0462653373884,95.0,3.25,15770.0,0.09031663006533018,388.43999999999994,570432.3213463284
Long BTC,Antminer S19,0.03,64,166.0,5.829546771158153,0.0,92883.83069292644,184386333.72,1044.0499397343008,95.0,3.25,15770.0,0.08964885719616582,388.43999999999994,560420.3993967342
Long BTC,Antminer S19,0.03,65,166.0,5.9095669660475645,0.0,95078.96590704631,184740708.96,1044.0499378943723,95.0,3.25,15770.0,0.08948698605642821,388.43999999999994,581514.4386787447
Long BTC,Antminer S19,0.03,66,166.0,5.989185083434798,0.0,97626.87803039033,185165683.36,1044.0534819833028,95.0,3.25,15770.0,0.0893042478961138,388.43999999999994,605207.1886498285
Long BTC,Antminer S19,0.03,67,166.0,6.068613070738809,0.0,100899.7691503279,185535281.52,1044.0548778784223,95.0,3.25,15770.0,0.0891231948850636,388.43999999999994,634352.206558045
Long BTC,Antminer S19,0.03,68,166.0,6.148095409094167,0.0,103553.33552377713,185982977.64,1044.0516577309497,95.0,3.25,15770.0,0.08893013210861535,388.43999999999994,660087.8349888754
Long BTC,Antminer S19,0.03,69,166.0,6.227986642801651,0.0,106381.60320830264,186108278.2,1044.0530607128776,95.0,3.25,15770.0,0.08891327104266317,388.43999999999994,686917.9653282723
Long BTC,Antminer S19,0.03,70,166.0,6.307574457075869,0.0,105306.52159619278,186337269.0,1044.0516042959562,95.0,3.25,15770.0,0.08882853181939675,388.43999999999994,689011.0002883063
Long BTC,Antminer S19,0.03,71,166.0,6.386510152177648,0.0,102916.35381208884,187445689.04,1044.0534453477349,95.0,3.25,15770.0,0.08838251998069843,388.43999999999994,681896.9477842441
Long BTC,Antminer S19,0.03,72,166.0,6.464849045038844,0.0,105874.27833471667,188107269.36,1044.0526751336936,95.0,3.25,15770.0,0.08811238377038592,388.43999999999994,710392.5089810338
Long BTC,Antminer S19,0.03,73,166.0,6.5425019425307775,0.0,107587.45636358218,189324106.64,1044.055308783178,95.0,3.25,15770.0,0.08760380801986813,388.43999999999994,730970.3947184249
Long BTC,Antminer S19,0.03,74,166.0,6.61997401036998,0.0,106709.64375089071,189218243.4,1044.049349133148,95.0,3.25,15770.0,0.08784103833515078,388.43999999999994,733017.7633623097
Long BTC,Antminer S19,0.03,75,166.0,6.697626391636394,0.0,108265.646343128,189395706.16,1044.0497060328303,95.0,3.25,15770.0,0.0878319456727582,388.43999999999994,751992.5726678357
Long BTC,Antminer S19,0.03,76,166.0,6.775683383995182,0.0,108974.5784401483,189822512.16,1044.0548269701499,95.0,3.25,15770.0,0.0876374777279482,388.43999999999994,765758.1942335962
Long BTC,Antminer S19,0.03,77,166.0,6.853673194505911,0.0,113476.10269491337,190044964.56,1044.0524952449914,95.0,3.25,15770.0,0.08756475930715486,388.43999999999994,806764.1539721815
Long BTC,Antminer S19,0.03,78,166.0,6.931164587395327,0.0,111190.46702175416,190165975.08,1044.0532930886886,95.0,3.25,15770.0,0.0876837927179339,388.43999999999994,800351.1337409359
Long BTC,Antminer S19,0.03,79,166.0,7.00867119416986,0.0,110078.74537978342,190193631.08,1044.0508387404532,95.0,3.25,15770.0,0.08790925300708699,388.43999999999994,801641.9805445808
Long BTC,Antminer S19,0.03,80,166.0,7.08614635546007,0.0,104944.31323577817,190343826.44,1044.0538256638836,95.0,3.25,15770.0,0.08796432539444991,388.43999999999994,772265.2126855131
Long BTC,Antminer S19,0.03,81,166.0,7.163441827597494,0.0,105141.96698626748,190469712.64,1044.0470932512972,95.0,3.25,15770.0,0.0880394262783379,388.43999999999994,781999.1600854727
Long BTC,Antminer S19,0.03,82,166.0,7.241145454994154,0.0,113406.23438019857,190721249.16,1044.0499165717688,95.0,3.25,15770.0,0.08793716601104835,388.43999999999994,854174.006275812
Long BTC,Antminer S19,0.03,83,166.0,7.318736261596408,0.0,111230.64331042074,190970885.0,1044.0488894897421,95.0,3.25,15770.0,0.0878350905231756,388.43999999999994,846214.058522846
Long BTC,Antminer S19,0.03,84,166.0,7.3962056684498965,0.0,114533.1434105588,191418367.0,1044.0478396399556,95.0,3.25,15770.0,0.08764820720741964,388.43999999999994,880977.5004169041
Long BTC,Antminer S19,0.03,85,166.0,7.473597651190881,0.0,117072.49369992327,193665114.56,1044.0491325544817,95.0,3.25,15770.0,0.0866864246903028,388.43999999999994,910848.2526853733
Long BTC,Antminer S19,0.03,86,166.0,7.549934905046013,0.0,108310.80286482075,194669405.4,1044.0528314020373,95.0,3.25,15770.0,0.08625698981920511,388.43999999999994,849651.289001354
Long BTC,Antminer S19,0.03,87,166.0,7.625435128914379,0.0,107095.92195549446,195297502.2,1044.049399809829,95.0,3.25,15770.0,0.08598712578540074,388.43999999999994,849262.8625303614
Long BTC,Antminer S19,0.03,88,166.0,7.7011006962951205,0.0,110902.32903482372,195629431.16,1044.0537354913122,95.0,3.25,15770.0,0.08584312162066401,388.43999999999994,888716.4124518669
Long BTC,Antminer S19,0.03,89,166.0,7.777253499384658,0.0,121459.414264909,195896277.16,1044.0548776811354,95.0,3.25,15770.0,0.08573239656520895,388.43999999999994,984614.559395993
Long BTC,Antminer S19,0.03,90,166.0,7.85306154865143,0.0,123420.54566788365,196243112.36,1044.0530636591652,95.0,3.25,15770.0,0.08560966134598079,388.43999999999994,1010501.8673739157
Long BTC,Antminer S19,0.03,91,166.0,7.92849864316284,0.0,132288.4699421975,196275386.88,1044.0533487527066,95.0,3.25,15770.0,0.08563616677207207,388.43999999999994,1095715.934709033
Long BTC,Antminer S19,0.03,92,166.0,8.003784573437935,0.0,135246.3169753694,196757692.6,1044.0565393304437,95.0,3.25,15770.0,0.08545381745581995,388.43999999999994,1131561.1525015226
Long BTC,Antminer S19,0.03,93,166.0,8.078954793368041,0.0,130998.53068337437,197232180.36,1044.0536250803025,95.0,3.25,15770.0,0.08526175103283894,388.43999999999994,1106473.4670481214
Long BTC,Antminer S19,0.03,94,166.0,8.154154953271938,0.0,133196.0400747934,197683059.28,1044.055751726422,95.0,3.25,15770.0,0.08507291362041652,388.43999999999994,1135942.931485627
Long BTC,Antminer S19,0.03,95,166.0,8.229315634635267,0.0,123311.09034674075,198027278.44,1044.0506318669743,95.0,3.25,15770.0,0.08493103375589303,388.43999999999994,1059028.8657311208
Long BTC,Antminer S19,0.03,96,166.0,8.304629294145606,0.0,127676.81049384164,198403288.76,1044.0562313744624,95.0,3.25,15770.0,0.08478562679523245,388.43999999999994,1107543.7185605431
Long BTC,Antminer S19,0.03,97,166.0,8.379208199311435,0.0,131233.10103934156,200432918.96,1044.053815918158,95.0,3.25,15770.0,0.08397828370105245,388.43999999999994,1149316.2145544307
Long BTC,Antminer S19,0.03,98,166.0,8.45241892802979,0.0,134534.07798493624,200932830.24,1044.054027814157,95.0,3.25,15770.0,0.08378861686695067,388.43999999999994,1189928.8396977603
Long BTC,Antminer S19,0.03,99,166.0,8.525176327324042,0.0,140942.51870669625,202169005.6,1044.0504160229475,95.0,3.25,15770.0,0.08331252498682114,388.43999999999994,1258906.3093844736
Long BTC,Antminer S19,0.03,100,166.0,8.597955937830069,0.0,143201.6835023138,203176989.56,1044.0515943979071,95.0,3.25,15770.0,0.08292896509104988,388.43999999999994,1289964.0249038104
Long BTC,Antminer S9,0.03,0,1765.0,0.0,0.0,62869.495587375786,155349877.0,1044.0527146770157,14.5,1.3500000000000005,25592.5,0.17199832800879217,1715.5800000000008,0.0
Long BTC,Antminer S9,0.03,1,1765.0,0.14436651686041593,0.0,62621.714145167956,155349877.0,1044.0500782726165,14.5,1.3500000000000005,25592.5,0.17199789368479468,1715.5800000000008,9055.223952341858
Long BTC,Antminer S9,0.03,2,1765.0,0.2890362853950315,0.0,63679.25455329327,155349877.0,1044.0527459461227,14.5,1.3500000000000005,25592.5,0.17199833316009738,1715.5800000000008,18438.859587459516
Long BTC,Antminer S9,0.03,3,1765.0,0.4334205386289257,0.0,63322.21797924408,155349877.0,1044.0541521999712,14.5,1.3500000000000005,25592.5,0.17199856482781611,1715.5800000000008,27509.06874335968
Long BTC,Antminer S9,0.03,4,1765.0,0.5773751231746556,0.0,63135.79766601669,155349877.0,1044.0541138478072,14.5,1.3500000000000005,25592.5,0.1719985585096408,1715.5800000000008,36585.91040826681
Long BTC,Antminer S9,0.03,5,1765.0,0.7204730113979108,0.0,62457.22012423036,155349877.0,1044.0509556222098,14.5,1.3500000000000005,25592.5,0.17199803822027745,1715.5800000000008,45235.47023251213
Long BTC,Antminer S9,0.03,6,1765.0,0.863417707727777,0.0,62776.42501138845,155349877.0,1044.0499539992288,14.5,1.3500000000000005,25592.5,0.17199787321186782,1715.5800000000008,54539.55474832726
Long BTC,Antminer S9,0.03,7,1765.0,1.0064922978769706,0.0,65234.79633861841,155349877.0,1044.0507238627329,14.5,1.3500000000000005,25592.5,0.17199800003998067,1715.5800000000008,66256.49952231492
Long BTC,Antminer S9,0.03,8,1765.0,1.1498974814394267,0.0,66337.62384422636,155349877.0,1044.0518285067724,14.5,1.3500000000000005,25592.5,0.1719981820201864,1715.5800000000008,77050.87628433568
Long BTC,Antminer S9,0.03,9,1765.0,1.292532632278195,0.0,65209.45260885372,155349877.0,1044.0491135414322,14.5,1.3500000000000005,25592.5,0.17199773475397798,1715.5800000000008,85228.9506613307
Long BTC,Antminer S9,0.03,10,1765.0,1.4344818290133647,0.0,65368.87256005655,155349877.0,1044.051869054142,14.5,1.3500000000000005,25592.5,0.1719981887000022,1715.5800000000008,95032.63119871732
Long BTC,Antminer S9,0.03,11,1765.0,1.5774515310229997,0.0,68207.18579702487,155349877.0,1044.0514455943767,14.5,1.3500000000000005,25592.5,0.17199811893880093,1715.5800000000008,109201.72041132732
Long BTC,Antminer S9,0.03,12,1765.0,1.7204685708440417,0.0,70831.70717462042,155349877.0,1044.0497631355029,14.5,1.3500000000000005,25592.5,0.17199784176877952,1715.5800000000008,124011.39903944693
Long BTC,Antminer S9,0.03,13,1765.0,1.8637939731262279,0.0,71819.74721139293,155349877.0,1044.054224851707,14.5,1.3500000000000005,25592.5,0.17199857679653852,1715.5800000000008,136275.8067573834
Long BTC,Antminer S9,0.03,14,1765.0,2.007115507600784,0.0,73163.8887605325,155349877.0,1044.0508456157822,14.5,1.3500000000000005,25592.5,0.1719980200977044,1715.5800000000008,149704.06217158114
Long BTC,Antminer S9,0.03,15,1765.0,2.149953261956864,0.0,71370.04413232132,158979288.92,1044.0499982722151,14.5,1.3500000000000005,25592.5,0.1680719373688185,1715.5800000000008,156359.65885326045
Long BTC,Antminer S9,0.03,16,1765.0,2.2893248706226594,0.0,71913.6889161267,159126085.4,1044.053140902661,14.5,1.3500000000000005,25592.5,0.16791751397938387,1715.5800000000008,167811.96200183296
Long BTC,Antminer S9,0.03,17,1765.0,2.428413775885994,0.0,74158.40159582591,159207207.64,1044.050308589837,14.5,1.3500000000000005,25592.5,0.16783177586535536,1715.5800000000008,183937.60245006363
Long BTC,Antminer S9,0.03,18,1765.0,2.5662242233759742,0.0,73599.7519688446,159282934.28,1044.0554251203298,14.5,1.3500000000000005,25592.5,0.16775273234783988,1715.5800000000008,193138.90913218353
Long BTC,Antminer S9,0.03,19,1765.0,2.7038746646422216,0.0,74582.07251016129,159445468.24,1044.045592551326,14.5,1.3500000000000005,25592.5,0.16758115778016808,1715.5800000000008,206638.05543033176
Long BTC,Antminer S9,0.03,20,1765.0,2.8413063545844635,0.0,75691.8794612293,159561693.52,1044.0465187163472,14.5,1.3500000000000005,25592.5,0.16746008685858216,1715.5800000000008,220913.6325249572
Long BTC,Antminer S9,0.03,21,1765.0,2.9772323722758665,0.0,73482.32187998969,159654937.48,1044.052168075342,14.5,1.3500000000000005,25592.5,0.1673650434165961,1715.5800000000008,225236.1948309771
Long BTC,Antminer S9,0.03,22,1765.0,3.1117357602419258,0.0,70795.38551912428,161944424.56,1044.0477803726753,14.5,1.3500000000000005,25592.5,0.1649990566454267,1715.5800000000008,226936.88091571772
Long BTC,Antminer S9,0.03,23,1765.0,3.244872666396613,0.0,70750.97874198749,162159194.24,1044.0534814425262,14.5,1.3500000000000005,25592.5,0.16478229136619324,1715.5800000000008,236281.9801569642
Long BTC,Antminer S9,0.03,24,1765.0,3.3773065429493077,0.0,72069.7757066099,162328367.8,1044.052383814096,14.5,1.3500000000000005,25592.5,0.1646128459835443,1715.5800000000008,251073.16357193014
Long BTC,Antminer S9,0.03,25,1765.0,3.5078712589780445,0.0,70480.10542522486,162402565.2,1044.0510675649189,14.5,1.3500000000000005,25592.5,0.16453783250320828,1715.5800000000008,255763.25734724998
Long BTC,Antminer S9,0.03,26,1765.0,3.637846961117311,0.0,70743.56997438491,162549771.4,1044.0531379138065,14.5,1.3500000000000005,25592.5,0.16439170507697182,1715.5800000000008,266938.79816444736
Long BTC,Antminer S9,0.03,27,1765.0,3.76697891338896,0.0,72517.23563163044,162672882.32,1044.0558730727564,14.5,1.3500000000000005,25592.5,0.1642690931482332,1715.5800000000008,284376.5002795606
Long BTC,Antminer S9,0.03,28,1765.0,3.89622975264202,0.0,70980.140814437,162809913.96,1044.0499027368464,14.5,1.3500000000000005,25592.5,0.16413228510906477,1715.5800000000008,288009.3989136541
Long BTC,Antminer S9,0.03,29,1765.0,4.026520633833237,0.0,74012.99802488502,165726458.48,1044.0517485134687,14.5,1.3500000000000005,25592.5,0.161246207077734,1715.5800000000008,311176.003369217
Long BTC,Antminer S9,0.03,30,1765.0,4.152375507569348,0.0,73820.45645381918,166076414.16,1044.0523186101234,14.5,1.3500000000000005,25592.5,0.16090615750285886,1715.5800000000008,321035.9436951264
Long BTC,Antminer S9,0.03,31,1765.0,4.278938143093351,0.0,75887.70100804718,166215095.44,1044.050819378947,14.5,1.3500000000000005,25592.5,0.16077210915334686,1715.5800000000008,340557.0015030277
Long BTC,Antminer S9,0.03,32,1765.0,4.406543304256722,0.0,78153.66729302534,166486307.76,1044.0541455539778,14.5,1.3500000000000005,25592.5,0.16051394631105842,1715.5800000000008,361080.81139834714
Long BTC,Antminer S9,0.03,33,1765.0,4.533345190175482,0.0,79961.02782151694,166615609.8,1044.0541246305816,14.5,1.3500000000000005,25592.5,0.16038933918464507,1715.5800000000008,381177.1720271413
Long BTC,Antminer S9,0.03,34,1765.0,4.6592587446521945,0.0,79085.4296755593,166669361.8,1044.0554255727682,14.5,1.3500000000000005,25592.5,0.1603341988713286,1715.5800000000008,388290.46657054604
Long BTC,Antminer S9,0.03,35,1765.0,4.786484826073498,0.0,80181.16090281423,166950133.52,1044.051805660529,14.5,1.3500000000000005,25592.5,0.16006777807737793,1715.5800000000008,404717.56474748964
Long BTC,Antminer S9,0.03,36,1765.0,4.911923650035619,0.0,77037.09506052149,167190427.48,1044.0536999635756,14.5,1.3500000000000005,25592.5,0.15983816512161755,1715.5800000000008,399576.3223848499
Long BTC,Antminer S9,0.03,37,1765.0,5.03569514618955,0.0,76529.55409484281,168327997.8,1044.0476668058698,14.5,1.3500000000000005,25592.5,0.15875057698766748,1715.5800000000008,407643.6554413458
Long BTC,Antminer S9,0.03,38,1765.0,5.157553953986791,0.0,75883.92865051208,168383200.56,1044.054262326981,14.5,1.3500000000000005,25592.5,0.1587074858921993,1715.5800000000008,414949.2549786542
Long BTC,Antminer S9,0.03,39,1765.0,5.27865359558986,0.0,78313.86216866323,168667256.8,1044.0491674242546,14.5,1.3500000000000005,25592.5,0.15843956146334476,1715.5800000000008,439863.03857068764
Long BTC,Antminer S9,0.03,40,1765.0,5.400092186098913,0.0,78625.65803276653,168839480.28,1044.0520602375022,14.5,1.3500000000000005,25592.5,0.1582768889552081,1715.5800000000008,451478.9443953014
Long BTC,Antminer S9,0.03,41,1765.0,5.521516859836336,0.0,80091.3877723773,168758414.24,1044.0520220097949,14.5,1.3500000000000005,25592.5,0.15836505846075288,1715.5800000000008,470939.2806573015
Long BTC,Antminer S9,0.03,42,1765.0,5.641789733790216,0.0,78837.05655119025,168968382.12,1044.0531014003857,14.5,1.3500000000000005,25592.5,0.15816981682926318,1715.5800000000008,474710.4406165432
Long BTC,Antminer S9,0.03,43,1765.0,5.761016978689607,0.0,80968.38634663342,173219326.52,1044.051119037029,14.5,1.3500000000000005,25592.5,0.15428954456271368,1715.5800000000008,499438.11387600435
Long BTC,Antminer S9,0.03,44,1765.0,5.875794389382913,0.0,82259.6516297789,173867892.88,1044.0533487452033,14.5,1.3500000000000005,25592.5,0.15372128345094438,1715.5800000000008,518388.1885192924
Long BTC,Antminer S9,0.03,45,1765.0,5.990148289410419,0.0,84433.0190743067,174153370.08,1044.0496208198397,14.5,1.3500000000000005,25592.5,0.15347654134898003,1715.5800000000008,543827.8991953059
Long BTC,Antminer S9,0.03,46,1765.0,6.102640670484679,0.0,81469.42371027527,174421864.48,1044.0524428722622,14.5,1.3500000000000005,25592.5,0.15324788203119236,1715.5800000000008,535809.0504515219
Long BTC,Antminer S9,0.03,47,1765.0,6.214637634891158,0.0,80716.79988834319,174582502.64,1044.0471720216656,14.5,1.3500000000000005,25592.5,0.153111748491137,1715.5800000000008,541998.3419741892
Long BTC,Antminer S9,0.03,48,1765.0,6.326152663709904,0.0,83201.6940876427,174316412.44,1044.0548494698612,14.5,1.3500000000000005,25592.5,0.1534666258959815,1715.5800000000008,570164.8557641706
Long BTC,Antminer S9,0.03,49,1765.0,6.437432874633808,0.0,88052.64295868616,177516915.64,1044.0501103566191,14.5,1.3500000000000005,25592.5,0.1506888930198072,1715.5800000000008,617037.4132108642
Long BTC,Antminer S9,0.03,50,1765.0,6.545765795403906,0.0,93547.87284466709,177804462.08,1044.0499368327824,14.5,1.3500000000000005,25592.5,0.15044983776572635,1715.5800000000008,669609.108777729
Long BTC,Antminer S9,0.03,51,1765.0,6.652933994928349,0.0,95990.02737176932,178035403.44,1044.0533568469407,14.5,1.3500000000000005,25592.5,0.15028413436200722,1715.5800000000008,701349.0632239602
Long BTC,Antminer S9,0.03,52,1765.0,6.7598992043788995,0.0,93607.60487555445,178358814.4,1044.054415527996,14.5,1.3500000000000005,25592.5,0.150020757386112,1715.5800000000008,695555.873172544
Long BTC,Antminer S9,0.03,53,1765.0,6.866125299804719,0.0,93797.35458034831,178624639.6,1044.0522308766795,14.5,1.3500000000000005,25592.5,0.14980477562828975,1715.5800000000008,708273.6464021114
Long BTC,Antminer S9,0.03,54,1765.0,6.971911212055918,0.0,92042.18777026358,178815187.52,1044.051390369853,14.5,1.3500000000000005,25592.5,0.14965837725816114,1715.5800000000008,705542.1774496853
Long BTC,Antminer S9,0.03,55,1765.0,7.076523678353852,0.0,90937.27426918544,178726779.36,1044.054584900088,14.5,1.3500000000000005,25592.5,0.14973872076357655,1715.5800000000008,708943.167801437
Long BTC,Antminer S9,0.03,56,1765.0,7.182931401486375,0.0,92930.99652217586,178858401.24,1044.0510895184937,14.5,1.3500000000000005,25592.5,0.14963972585181323,1715.5800000000008,736480.5387417657
Long BTC,Antminer S9,0.03,57,1765.0,7.289633955676942,0.0,96352.08740808988,180909192.28,1044.0530642739454,14.5,1.3500000000000005,25592.5,0.1480022272481369,1715.5800000000008,775438.0811621955
Long BTC,Antminer S9,0.03,58,1765.0,7.3962646110812225,0.0,97854.33909034738,181628407.36,1044.052220391151,14.5,1.3500000000000005,25592.5,0.14749546873258923,1715.5800000000008,798743.2203367753
Long BTC,Antminer S9,0.03,59,1765.0,7.502107668594725,0.0,93069.83250873374,182006274.56,1044.0544315251436,14.5,1.3500000000000005,25592.5,0.14726027076332593,1715.5800000000008,770229.9580358192
Long BTC,Antminer S9,0.03,60,1765.0,7.609357941282481,0.0,92823.98724933842,182364438.8,1044.051790820426,14.5,1.3500000000000005,25592.5,0.14697427891303907,1715.5800000000008,778985.4522222466
Long BTC,Antminer S9,0.03,61,1765.0,7.716173354984048,0.0,94857.70528704679,182675880.12,1044.0529824835364,14.5,1.3500000000000005,25592.5,0.14673030997808512,1715.5800000000008,809574.2903533066
Long BTC,Antminer S9,0.03,62,1765.0,7.821959979172623,0.0,92033.59554964265,182887076.44,1044.055203265787,14.5,1.3500000000000005,25592.5,0.1465807171584725,1715.5800000000008,795178.4856910738
Long BTC,Antminer S9,0.03,63,1765.0,7.927090526779889,0.0,95935.2849957506,182952282.48,1044.0462653373884,14.5,1.3500000000000005,25592.5,0.14657123366816505,1715.5800000000008,842066.6654116602
Long BTC,Antminer S9,0.03,64,1765.0,8.029758641913412,0.0,92883.83069292644,184386333.72,1044.0499397343008,14.5,1.3500000000000005,25592.5,0.14548753188287086,1715.5800000000008,827592.7773005904
Long BTC,Antminer S9,0.03,65,1765.0,8.13272032957792,0.0,95078.96590704631,184740708.96,1044.0499378943723,14.5,1.3500000000000005,25592.5,0.14522483770761818,1715.5800000000008,858061.2273186428
Long BTC,Antminer S9,0.03,66,1765.0,8.234357559720811,0.0,97626.87803039033,185165683.36,1044.0534819833028,14.5,1.3500000000000005,25592.5,0.14492827928226326,1715.5800000000008,892911.6905919671
Long BTC,Antminer S9,0.03,67,1765.0,8.335666195086839,0.0,100899.7691503279,185535281.52,1044.0548778784223,14.5,1.3500000000000005,25592.5,0.14463445561800825,1715.5800000000008,936882.2688517431
Long BTC,Antminer S9,0.03,68,1765.0,8.437721710137824,0.0,103553.33552377713,185982977.64,1044.0516577309497,14.5,1.3500000000000005,25592.5,0.14432114178755467,1715.5800000000008,975891.4174933322
Long BTC,Antminer S9,0.03,69,1765.0,8.542121395116514,0.0,106381.60320830264,186108278.2,1044.0530607128776,14.5,1.3500000000000005,25592.5,0.14429377864041584,1715.5800000000008,1015017.9253992632
Long BTC,Antminer S9,0.03,70,1765.0,8.645228856205037,0.0,105306.52159619278,186337269.0,1044.0516042959562,14.5,1.3500000000000005,25592.5,0.14415625875636726,1715.5800000000008,1018565.1263610326
Long BTC,Antminer S9,0.03,71,1765.0,8.745692068004098,0.0,102916.35381208884,187445689.04,1044.0534453477349,14.5,1.3500000000000005,25592.5,0.14343244404603836,1715.5800000000008,1008231.0532850544
Long BTC,Antminer S9,0.03,72,1765.0,8.84476594106446,0.0,105874.27833471667,188107269.36,1044.0526751336936,14.5,1.3500000000000005,25592.5,0.14299405083345604,1715.5800000000008,1051217.7741967314
Long BTC,Antminer S9,0.03,73,1765.0,8.94156427154077,0.0,107587.45636358218,189324106.64,1044.055308783178,14.5,1.3500000000000005,25592.5,0.14216870366191975,1715.5800000000008,1082449.1139107936
Long BTC,Antminer S9,0.03,74,1765.0,9.038986598443902,0.0,106709.64375089071,189218243.4,1044.049349133148,14.5,1.3500000000000005,25592.5,0.1425536952182845,1715.5800000000008,1083602.7704898552
Long BTC,Antminer S9,0.03,75,1765.0,9.136541104052386,0.0,108265.646343128,189395706.16,1044.0497060328303,14.5,1.3500000000000005,25592.5,0.14253893910146254,1715.5800000000008,1110693.40143054
Long BTC,Antminer S9,0.03,76,1765.0,9.235906842605697,0.0,108974.5784401483,189822512.16,1044.0548269701499,14.5,1.3500000000000005,25592.5,0.1422233448796775,1715.5800000000008,1130984.2531395983
Long BTC,Antminer S9,0.03,77,1765.0,9.335521004142095,0.0,113476.10269491337,190044964.56,1044.0524952449914,14.5,1.3500000000000005,25592.5,0.1421053330734534,1715.5800000000008,1192125.720481457
Long BTC,Antminer S9,0.03,78,1765.0,9.433136167275658,0.0,111190.46702175416,190165975.08,1044.0532930886886,14.5,1.3500000000000005,25592.5,0.1422985076178645,1715.5800000000008,1184652.4539987158
Long BTC,Antminer S9,0.03,79,1765.0,9.530486906476408,0.0,110078.74537978342,190193631.08,1044.0508387404532,14.5,1.3500000000000005,25592.5,0.14266439807126655,1715.5800000000008,1187014.658653116
Long BTC,Antminer S9,0.03,80,1765.0,9.62706734767256,0.0,104944.31323577817,190343826.44,1044.0538256638836,14.5,1.3500000000000005,25592.5,0.14275377283813945,1715.5800000000008,1142307.2467122143
Long BTC,Antminer S9,0.03,81,1765.0,9.722702811661334,0.0,105141.96698626748,190469712.64,1044.0470932512972,14.5,1.3500000000000005,25592.5,0.142875651048089,1715.5800000000008,1156047.5833222873
Long BTC,Antminer S9,0.03,82,1765.0,9.819928575718006,0.0,113406.23438019857,190721249.16,1044.0499165717688,14.5,1.3500000000000005,25592.5,0.14270969696498131,1715.5800000000008,1266530.6978790425
Long BTC,Antminer S9,0.03,83,1765.0,9.916942981536005,0.0,111230.64331042074,190970885.0,1044.0488894897421,14.5,1.3500000000000005,25592.5,0.1425440427529722,1715.5800000000008,1253619.018352066
Long BTC,Antminer S9,0.03,84,1765.0,10.013706584540616,0.0,114533.1434105588,191418367.0,1044.0478396399556,14.5,1.3500000000000005,25592.5,0.14224075732123567,1715.5800000000008,1306317.4475027553
Long BTC,Antminer S9,0.03,85,1765.0,10.110649544867606,0.0,117072.49369992327,193665114.56,1044.0491325544817,14.5,1.3500000000000005,25592.5,0.14067991907968133,1715.5800000000008,1352753.149617873
Long BTC,Antminer S9,0.03,86,1765.0,10.205620383593379,0.0,108310.80286482075,194669405.4,1044.0528314020373,14.5,1.3500000000000005,25592.5,0.1399830064646802,1715.5800000000008,1257886.2059101989
Long BTC,Antminer S9,0.03,87,1765.0,10.298096042647202,0.0,107095.92195549446,195297502.2,1044.049399809829,14.5,1.3500000000000005,25592.5,0.13954505495642788,1715.5800000000008,1258548.841619481
Long BTC,Antminer S9,0.03,88,1765.0,10.392053987461779,0.0,110902.32903482372,195629431.16,1044.0537354913122,14.5,1.3500000000000005,25592.5,0.13931135637773268,1715.5800000000008,1317829.1244370183
Long BTC,Antminer S9,0.03,89,1765.0,10.488566865779838,0.0,121459.414264909,195896277.16,1044.0548776811354,14.5,1.3500000000000005,25592.5,0.13913166512968358,1715.5800000000008,1464018.7825713984
Long BTC,Antminer S9,0.03,90,1765.0,10.583867235743186,0.0,123420.54566788365,196243112.36,1044.0530636591652,14.5,1.3500000000000005,25592.5,0.1389324830689292,1715.5800000000008,1503141.8323887594
Long BTC,Antminer S9,0.03,91,1765.0,10.677871661979427,0.0,132288.4699421975,196275386.88,1044.0533487527066,14.5,1.3500000000000005,25592.5,0.13897549766101805,1715.5800000000008,1635516.7207947543
Long BTC,Antminer S9,0.03,92,1765.0,10.771133548165302,0.0,135246.3169753694,196757692.6,1044.0565393304437,14.5,1.3500000000000005,25592.5,0.13867957027508387,1715.5800000000008,1690885.8173208293
Long BTC,Antminer S9,0.03,93,1765.0,10.864395368666887,0.0,130998.53068337437,197232180.36,1044.0536250803025,14.5,1.3500000000000005,25592.5,0.13836787338667916,1715.5800000000008,1653347.453762299
Long BTC,Antminer S9,0.03,94,1765.0,10.958324942253649,0.0,133196.0400747934,197683059.28,1044.055751726422,14.5,1.3500000000000005,25592.5,0.13806141672989916,1715.5800000000008,1697765.8160259465
Long BTC,Antminer S9,0.03,95,1765.0,11.052609297165509,0.0,123311.09034674075,198027278.44,1044.0506318669743,14.5,1.3500000000000005,25592.5,0.1378311655927516,1715.5800000000008,1577440.5593128228
Long BTC,Antminer S9,0.03,96,1765.0,11.147963129075176,0.0,127676.81049384164,198403288.76,1044.0562313744624,14.5,1.3500000000000005,25592.5,0.137595190472859,1715.5800000000008,1650898.5317643129
Long BTC,Antminer S9,0.03,97,1765.0,11.24047999172488,0.0,131233.10103934156,200432918.96,1044.053815918158,14.5,1.3500000000000005,25592.5,0.13628498577166678,1715.5800000000008,1715438.3875672137
Long BTC,Antminer S9,0.03,98,1765.0,11.329208904452171,0.0,134534.07798493624,200932830.24,1044.054027814157,14.5,1.3500000000000005,25592.5,0.13597718307973586,1715.5800000000008,1778925.4984213468
Long BTC,Antminer S9,0.03,99,1765.0,11.416466734311665,0.0,140942.51870669625,202169005.6,1044.0504160229475,14.5,1.3500000000000005,25592.5,0.1352045526775663,1715.5800000000008,1886155.5844346415
Long BTC,Antminer S9,0.03,100,1765.0,11.505151418699581,0.0,143201.6835023138,203176989.56,1044.0515943979071,14.5,1.3500000000000005,25592.5,0.13458208871862362,1715.5800000000008,1932326.5103864213
Sell Daily,Antminer S19,0.03,0,166.0,0.0,0.0,62869.495587375786,155349877.0,1044.0527146770157,95.0,3.25,15770.0,0.10598470773463524,388.43999999999994,0.0
Sell Daily,Antminer S19,0.03,1,166.0,0.0,6248.487940937037,62621.714145167956,155349877.0,1044.0500782726165,95.0,3.25,15770.0,0.10598444010585967,388.43999999999994,6248.487940937037
Sell Daily,Antminer S19,0.03,2,166.0,0.0,12609.07609979632,63679.25455329327,155349877.0,1044.0527459461227,95.0,3.25,15770.0,0.10598471090884967,388.43999999999994,12609.07609979632
Sell Daily,Antminer S19,0.03,3,166.0,0.0,18931.83103792543,63322.21797924408,155349877.0,1044.0541521999712,95.0,3.25,15770.0,0.10598485366160633,388.43999999999994,18931.83103792543
Sell Daily,Antminer S19,0.03,4,166.0,0.0,25234.83340583211,63135.79766601669,155349877.0,1044.0541138478072,95.0,3.25,15770.0,0.10598484976837104,388.43999999999994,25234.83340583211
Sell Daily,Antminer S19,0.03,5,166.0,0.0,31465.898896593557,62457.22012423036,155349877.0,1044.0509556222098,95.0,3.25,15770.0,0.1059845291680678,388.43999999999994,31465.898896593557
Sell Daily,Antminer S19,0.03,6,166.0,0.0,37730.7820412929,62776.42501138845,155349877.0,1044.0499539992288,95.0,3.25,15770.0,0.1059844274905209,388.43999999999994,37730.7820412929
Sell Daily,Antminer S19,0.03,7,166.0,0.0,44256.216084093445,65234.79633861841,155349877.0,1044.0507238627329,95.0,3.25,15770.0,0.10598450564151593,388.43999999999994,44256.216084093445
Sell Daily,Antminer S19,0.03,8,166.0,0.0,50898.53813420127,66337.62384422636,155349877.0,1044.0518285067724,95.0,3.25,15770.0,0.10598461777701827,388.43999999999994,50898.53813420127
Sell Daily,Antminer S19,0.03,9,166.0,0.0,57421.273046274975,65209.45260885372,155349877.0,1044.0491135414322,95.0,3.25,15770.0,0.10598434217330208,388.43999999999994,57421.273046274975
Sell Daily,Antminer S19,0.03,10,166.0,0.0,63960.92973221457,65368.87256005655,155349877.0,1044.051869054142,95.0,3.25,15770.0,0.10598462189309502,388.43999999999994,63960.92973221457
Sell Daily,Antminer S19,0.03,11,166.0,0.0,70801.39229570048,68207.18579702487,155349877.0,1044.0514455943767,95.0,3.25,15770.0,0.10598457890651129,388.43999999999994,70801.39229570048
Sell Daily,Antminer S19,0.03,12,166.0,0.0,77920.0097202226,70831.70717462042,155349877.0,1044.0497631355029,95.0,3.25,15770.0,0.10598440811541089,388.43999999999994,77920.0097202226
Sell Daily,Antminer S19,0.03,13,166.0,0.0,85143.38168087833,71819.74721139293,155349877.0,1044.054224851707,95.0,3.25,15770.0,0.10598486103668701,388.43999999999994,85143.38168087833
Sell Daily,Antminer S19,0.03,14,166.0,0.0,92509.18853586238,73163.8887605325,155349877.0,1044.0508456157822,95.0,3.25,15770.0,0.10598451800100808,388.43999999999994,92509.18853586238
Sell Daily,Antminer S19,0.03,15,166.0,0.0,99684.8620502419,71370.04413232132,158979288.92,1044.0499982722151,95.0,3.25,15770.0,0.10356528093411228,388.43999999999994,99684.8620502419
Sell Daily,Antminer S19,0.03,16,166.0,0.0,106744.8628133685,71913.6889161267,159126085.4,1044.053140902661,95.0,3.25,15770.0,0.10347012583588486,388.43999999999994,106744.8628133685
Sell Daily,Antminer S19,0.03,17,166.0,0.0,114032.14162067091,74158.40159582591,159207207.64,1044.050308589837,95.0,3.25,15770.0,0.10341729434000797,388.43999999999994,114032.14162067091
Sell Daily,Antminer S19,0.03,18,166.0,0.0,121258.44182619528,73599.7519688446,159282934.28,1044.0554251203298,95.0,3.25,15770.0,0.10336858802873636,388.43999999999994,121258.44182619528
Sell Daily,Antminer S19,0.03,19,166.0,0.0,128583.0922818741,74582.07251016129,159445468.24,1044.045592551326,95.0,3.25,15770.0,0.10326286444049046,388.43999999999994,128583.0922818741
Sell Daily,Antminer S19,0.03,20,166.0,0.0,136016.86792645222,75691.8794612293,159561693.52,1044.0465187163472,95.0,3.25,15770.0,0.10318826100458495,388.43999999999994,136016.86792645222
Sell Daily,Antminer S19,0.03,21,166.0,0.0,143218.81227362438,73482.32187998969,159654937.48,1044.052168075342,95.0,3.25,15770.0,0.10312969560143478,388.43999999999994,143218.81227362438
Sell Daily,Antminer S19,0.03,22,166.0,0.0,150141.14155562298,70795.38551912428,161944424.56,1044.0477803726753,95.0,3.25,15770.0,0.10167178365921183,388.43999999999994,150141.14155562298
Sell Daily,Antminer S19,0.03,23,166.0,0.0,156955.31420244477,70750.97874198749,162159194.24,1044.0534814425262,95.0,3.25,15770.0,0.10153821372843085,388.43999999999994,156955.31420244477
Sell Daily,Antminer S19,0.03,24,166.0,0.0,163897.6323393422,72069.7757066099,162328367.8,1044.052383814096,95.0,3.25,15770.0,0.10143380213580126,388.43999999999994,163897.6323393422
Sell Daily,Antminer S19,0.03,25,166.0,0.0,170675.84716833924,70480.10542522486,162402565.2,1044.0510675649189,95.0,3.25,15770.0,0.10138757911792885,388.43999999999994,170675.84716833924
Sell Daily,Antminer S19,0.03,26,166.0,0.0,177479.06520291415,70743.56997438491,162549771.4,1044.0531379138065,95.0,3.25,15770.0,0.10129753596029484,388.43999999999994,177479.06520291415
Sell Daily,Antminer S19,0.03,27,166.0,0.0,184459.27311288955,72517.23563163044,162672882.32,1044.0558730727564,95.0,3.25,15770.0,0.10122198296171289,388.43999999999994,184459.27311288955
Sell Daily,Antminer S19,0.03,28,166.0,0.0,191279.58634538826,70980.140814437,162809913.96,1044.0499027368464,95.0,3.25,15770.0,0.10113768237452188,388.43999999999994,191279.58634538826
Sell Daily,Antminer S19,0.03,29,166.0,0.0,198406.37383118668,74012.99802488502,165726458.48,1044.0517485134687,95.0,3.25,15770.0,0.0993592921995063,388.43999999999994,198406.37383118668
Sell Daily,Antminer S19,0.03,30,166.0,0.0,205384.6770859069,73820.45645381918,166076414.16,1044.0523186101234,95.0,3.25,15770.0,0.09914975496024558,388.43999999999994,205384.6770859069
Sell Daily,Antminer S19,0.03,31,166.0,0.0,212556.15746788797,75887.70100804718,166215095.44,1044.050819378947,95.0,3.25,15770.0,0.09906715488319938,388.43999999999994,212556.15746788797
Sell Daily,Antminer S19,0.03,32,166.0,0.0,219946.5895302861,78153.66729302534,166486307.76,1044.0541455539778,95.0,3.25,15770.0,0.09890807593339421,388.43999999999994,219946.5895302861
Sell Daily,Antminer S19,0.03,33,166.0,0.0,227508.32863960872,79961.02782151694,166615609.8,1044.0541246305816,95.0,3.25,15770.0,0.09883129350168421,388.43999999999994,227508.32863960872
Sell Daily,Antminer S19,0.03,34,166.0,0.0,234977.71060814694,79085.4296755593,166669361.8,1044.0554255727682,95.0,3.25,15770.0,0.0987973162528417,388.43999999999994,234977.71060814694
Sell Daily,Antminer S19,0.03,35,166.0,0.0,242550.36872984585,80181.16090281423,166950133.52,1044.051805660529,95.0,3.25,15770.0,0.09863314878500537,388.43999999999994,242550.36872984585
Sell Daily,Antminer S19,0.03,36,166.0,0.0,249803.49673005127,77037.09506052149,167190427.48,1044.0536999635756,95.0,3.25,15770.0,0.09849166216539644,388.43999999999994,249803.49673005127
Sell Daily,Antminer S19,0.03,37,166.0,0.0,256996.465834269,76529.55409484281,168327997.8,1044.0476668058698,95.0,3.25,15770.0,0.09782149454314804,388.43999999999994,256996.465834269
Sell Daily,Antminer S19,0.03,38,166.0,0.0,264066.4670921514,75883.92865051208,168383200.56,1044.054262326981,95.0,3.25,15770.0,0.09779494197596886,388.43999999999994,264066.4670921514
Sell Daily,Antminer S19,0.03,39,166.0,0.0,271371.67831549817,78313.86216866323,168667256.8,1044.0491674242546,95.0,3.25,15770.0,0.09762984797409191,388.43999999999994,271371.67831549817
Sell Daily,Antminer S19,0.03,40,166.0,0.0,278697.6211522065,78625.65803276653,168839480.28,1044.0520602375022,95.0,3.25,15770.0,0.09752960980066944,388.43999999999994,278697.6211522065
Sell Daily,Antminer S19,0.03,41,166.0,0.0,286158.00008058024,80091.3877723773,168758414.24,1044.0520220097949,95.0,3.25,15770.0,0.09758393951064077,388.43999999999994,286158.00008058024
Sell Daily,Antminer S19,0.03,42,166.0,0.0,293494.0198627259,78837.05655119025,168968382.12,1044.0531014003857,95.0,3.25,15770.0,0.09746363236875961,388.43999999999994,293494.0198627259
Sell Daily,Antminer S19,0.03,43,166.0,0.0,301032.29824745277,80968.38634663342,173219326.52,1044.051119037029,95.0,3.25,15770.0,0.09507262353244096,388.43999999999994,301032.29824745277
Sell Daily,Antminer S19,0.03,44,166.0,0.0,308495.8866525504,82259.6516297789,173867892.88,1044.0533487452033,95.0,3.25,15770.0,0.09472246322248289,388.43999999999994,308495.8866525504
Sell Daily,Antminer S19,0.03,45,166.0,0.0,316144.40843884903,84433.0190743067,174153370.08,1044.0496208198397,95.0,3.25,15770.0,0.09457165408121185,388.43999999999994,316144.40843884903
Sell Daily,Antminer S19,0.03,46,166.0,0.0,323501.21221553965,81469.42371027527,174421864.48,1044.0524428722622,95.0,3.25,15770.0,0.0944307550896514,388.43999999999994,323501.21221553965
Sell Daily,Antminer S19,0.03,47,166.0,0.0,330777.74790733965,80716.79988834319,174582502.64,1044.0471720216656,95.0,3.25,15770.0,0.09434687012621787,388.43999999999994,330777.74790733965
Sell Daily,Antminer S19,0.03,48,166.0,0.0,338277.0833790238,83201.6940876427,174316412.44,1044.0548494698612,95.0,3.25,15770.0,0.09456554421723663,388.43999999999994,338277.0833790238
Sell Daily,Antminer S19,0.03,49,166.0,0.0,346233.9958354902,88052.64295868616,177516915.64,1044.0501103566191,95.0,3.25,15770.0,0.09285391590983137,388.43999999999994,346233.9958354902
Sell Daily,Antminer S19,0.03,50,166.0,0.0,354550.5318330154,93547.87284466709,177804462.08,1044.0499368327824,95.0,3.25,15770.0,0.09270661098233876,388.43999999999994,354550.5318330154
Sell Daily,Antminer S19,0.03,51,166.0,0.0,363082.50727799424,95990.02737176932,178035403.44,1044.0533568469407,95.0,3.25,15770.0,0.0926045051827236,388.43999999999994,363082.50727799424
Sell Daily,Antminer S19,0.03,52,166.0,0.0,371378.27076609945,93607.60487555445,178358814.4,1044.054415527996,95.0,3.25,15770.0,0.09244221330385802,388.43999999999994,371378.27076609945
Sell Daily,Antminer S19,0.03,53,166.0,0.0,379671.2338072097,93797.35458034831,178624639.6,1044.0522308766795,95.0,3.25,15770.0,0.09230912617595503,388.43999999999994,379671.2338072097
Sell Daily,Antminer S19,0.03,54,166.0,0.0,387789.55625671387,92042.18777026358,178815187.52,1044.051390369853,95.0,3.25,15770.0,0.09221891606373746,388.43999999999994,387789.55625671387
Sell Daily,Antminer S19,0.03,55,166.0,0.0,395792.27465221874,90937.27426918544,178726779.36,1044.054584900088,95.0,3.25,15770.0,0.09226842342254966,388.43999999999994,395792.27465221874
Sell Daily,Antminer S19,0.03,56,166.0,0.0,403979.1479791127,92930.99652217586,178858401.24,1044.0510895184937,95.0,3.25,15770.0,0.09220742313893114,388.43999999999994,403979.1479791127
Sell Daily,Antminer S19,0.03,57,166.0,0.0,412472.04983982834,96352.08740808988,180909192.28,1044.0530642739454,95.0,3.25,15770.0,0.09119840280172391,388.43999999999994,412472.04983982834
Sell Daily,Antminer S19,0.03,58,166.0,0.0,420989.90932827303,97854.33909034738,181628407.36,1044.052220391151,95.0,3.25,15770.0,0.09088614015484739,388.43999999999994,420989.90932827303
Sell Daily,Antminer S19,0.03,59,166.0,0.0,429041.96431804774,93069.83250873374,182006274.56,1044.0544315251436,95.0,3.25,15770.0,0.09074121207141353,388.43999999999994,429041.96431804774
Sell Daily,Antminer S19,0.03,60,166.0,0.0,437059.12814041326,92823.98724933842,182364438.8,1044.051790820426,95.0,3.25,15770.0,0.09056498499398755,388.43999999999994,437059.12814041326
Sell Daily,Antminer S19,0.03,61,166.0,0.0,445250.4927545725,94857.70528704679,182675880.12,1044.0529824835364,95.0,3.25,15770.0,0.09041465227525261,388.43999999999994,445250.4927545725
Sell Daily,Antminer S19,0.03,62,166.0,0.0,453167.1791865945,92033.59554964265,182887076.44,1044.055203265787,95.0,3.25,15770.0,0.09032247375555773,388.43999999999994,453167.1791865945
Sell Daily,Antminer S19,0.03,63,166.0,0.0,461420.12044046575,95935.2849957506,182952282.48,1044.0462653373884,95.0,3.25,15770.0,0.09031663006533018,388.43999999999994,461420.12044046575
Sell Daily,Antminer S19,0.03,64,166.0,0.0,469392.16230553173,92883.83069292644,184386333.72,1044.0499397343008,95.0,3.25,15770.0,0.08964885719616582,388.43999999999994,469392.16230553173
Sell Daily,Antminer S19,0.03,65,166.0,0.0,477485.0251191759,95078.96590704631,184740708.96,1044.0499378943723,95.0,3.25,15770.0,0.08948698605642821,388.43999999999994,477485.0251191759
Sell Daily,Antminer S19,0.03,66,166.0,0.0,485781.4486047125,97626.87803039033,185165683.36,1044.0534819833028,95.0,3.25,15770.0,0.0893042478961138,388.43999999999994,485781.4486047125
Sell Daily,Antminer S19,0.03,67,166.0,0.0,494351.49830610864,100899.7691503279,185535281.52,1044.0548778784223,95.0,3.25,15770.0,0.0891231948850636,388.43999999999994,494351.49830610864
Sell Daily,Antminer S19,0.03,68,166.0,0.0,503147.9201039736,103553.33552377713,185982977.64,1044.0516577309497,95.0,3.25,15770.0,0.08893013210861535,388.43999999999994,503147.9201039736
Sell Daily,Antminer S19,0.03,69,166.0,0.0,512162.7864576676,106381.60320830264,186108278.2,1044.0530607128776,95.0,3.25,15770.0,0.08891327104266317,388.43999999999994,512162.7864576676
Sell Daily,Antminer S19,0.03,70,166.0,0.0,521065.0847732968,105306.52159619278,186337269.0,1044.0516042959562,95.0,3.25,15770.0,0.08882853181939675,388.43999999999994,521065.0847732968
Sell Daily,Antminer S19,0.03,71,166.0,0.0,529739.6194448736,102916.35381208884,187445689.04,1044.0534453477349,95.0,3.25,15770.0,0.08838251998069843,388.43999999999994,529739.6194448736
Sell Daily,Antminer S19,0.03,72,166.0,0.0,538584.5412879689,105874.27833471667,188107269.36,1044.0526751336936,95.0,3.25,15770.0,0.08811238377038592,388.43999999999994,538584.5412879689
Sell Daily,Antminer S19,0.03,73,166.0,0.0,547541.3102485148,107587.45636358218,189324106.64,1044.055308783178,95.0,3.25,15770.0,0.08760380801986813,388.43999999999994,547541.3102485148
Sell Daily,Antminer S19,0.03,74,166.0,0.0,556353.0807299584,106709.64375089071,189218243.4,1044.049349133148,95.0,3.25,15770.0,0.08784103833515078,388.43999999999994,556353.0807299584
Sell Daily,Antminer S19,0.03,75,166.0,0.0,565275.1616487624,108265.646343128,189395706.16,1044.0497060328303,95.0,3.25,15770.0,0.0878319456727582,388.43999999999994,565275.1616487624
Sell Daily,Antminer S19,0.03,76,166.0,0.0,574254.7366507824,108974.5784401483,189822512.16,1044.0548269701499,95.0,3.25,15770.0,0.0876374777279482,388.43999999999994,574254.7366507824
Sell Daily,Antminer S19,0.03,77,166.0,0.0,583599.9289713788,113476.10269491337,190044964.56,1044.0524952449914,95.0,3.25,15770.0,0.08756475930715486,388.43999999999994,583599.9289713788
Sell Daily,Antminer S19,0.03,78,166.0,0.0,592743.8957363334,111190.46702175416,190165975.08,1044.0532930886886,95.0,3.25,15770.0,0.0876837927179339,388.43999999999994,592743.8957363334
Sell Daily,Antminer S19,0.03,79,166.0,0.0,601776.30814907,110078.74537978342,190193631.08,1044.0508387404532,95.0,3.25,15770.0,0.08790925300708699,388.43999999999994,601776.30814907
Sell Daily,Antminer S19,0.03,80,166.0,0.0,610352.0886285459,104944.31323577817,190343826.44,1044.0538256638836,95.0,3.25,15770.0,0.08796432539444991,388.43999999999994,610352.0886285459
Sell Daily,Antminer S19,0.03,81,166.0,0.0,618920.4482908655,105141.96698626748,190469712.64,1044.0470932512972,95.0,3.25,15770.0,0.0880394262783379,388.43999999999994,618920.4482908655
Sell Daily,Antminer S19,0.03,82,166.0,0.0,628201.3371420421,113406.23438019857,190721249.16,1044.0499165717688,95.0,3.25,15770.0,0.08793716601104835,388.43999999999994,628201.3371420421
Sell Daily,Antminer S19,0.03,83,166.0,0.0,637284.1909759693,111230.64331042074,190970885.0,1044.0488894897421,95.0,3.25,15770.0,0.0878350905231756,388.43999999999994,637284.1909759693
Sell Daily,Antminer S19,0.03,84,166.0,0.0,646627.5296548009,114533.1434105588,191418367.0,1044.0478396399556,95.0,3.25,15770.0,0.08764820720741964,388.43999999999994,646627.5296548009
Sell Daily,Antminer S19,0.03,85,166.0,0.0,656168.6778097611,117072.49369992327,193665114.56,1044.0491325544817,95.0,3.25,15770.0,0.0866864246903028,388.43999999999994,656168.6778097611
Sell Daily,Antminer S19,0.03,86,166.0,0.0,664843.4771642548,108310.80286482075,194669405.4,1044.0528314020373,95.0,3.25,15770.0,0.08625698981920511,388.43999999999994,664843.4771642548
Sell Daily,Antminer S19,0.03,87,166.0,0.0,673384.9261733044,107095.92195549446,195297502.2,1044.049399809829,95.0,3.25,15770.0,0.08598712578540074,388.43999999999994,673384.9261733044
Sell Daily,Antminer S19,0.03,88,166.0,0.0,682229.5370586894,110902.32903482372,195629431.16,1044.0537354913122,95.0,3.25,15770.0,0.08584312162066401,388.43999999999994,682229.5370586894
Sell Daily,Antminer S19,0.03,89,166.0,0.0,691930.7614048724,121459.414264909,195896277.16,1044.0548776811354,95.0,3.25,15770.0,0.08573239656520895,388.43999999999994,691930.7614048724
Sell Daily,Antminer S19,0.03,90,166.0,0.0,701780.2367108308,123420.54566788365,196243112.36,1044.0530636591652,95.0,3.25,15770.0,0.08560966134598079,388.43999999999994,701780.2367108308
Sell Daily,Antminer S19,0.03,91,166.0,0.0,712338.442956347,132288.4699421975,196275386.88,1044.0533487527066,95.0,3.25,15770.0,0.08563616677207207,388.43999999999994,712338.442956347
Sell Daily,Antminer S19,0.03,92,166.0,0.0,723128.6215276186,135246.3169753694,196757692.6,1044.0565393304437,95.0,3.25,15770.0,0.08545381745581995,388.43999999999994,723128.6215276186
Sell Daily,Antminer S19,0.03,93,166.0,0.0,733542.3831971097,130998.53068337437,197232180.36,1044.0536250803025,95.0,3.25,15770.0,0.08526175103283894,388.43999999999994,733542.3831971097
Sell Daily,Antminer S19,0.03,94,166.0,0.0,744130.5566735865,133196.0400747934,197683059.28,1044.055751726422,95.0,3.25,15770.0,0.08507291362041652,388.43999999999994,744130.5566735865
Sell Daily,Antminer S19,0.03,95,166.0,0.0,753858.4981977029,123311.09034674075,198027278.44,1044.0506318669743,95.0,3.25,15770.0,0.08493103375589303,388.43999999999994,753858.4981977029
Sell Daily,Antminer S19,0.03,96,166.0,0.0,763938.7242499505,127676.81049384164,198403288.76,1044.0562313744624,95.0,3.25,15770.0,0.08478562679523245,388.43999999999994,763938.7242499505
Sell Daily,Antminer S19,0.03,97,166.0,0.0,774293.8696188325,131233.10103934156,200432918.96,1044.053815918158,95.0,3.25,15770.0,0.08397828370105245,388.43999999999994,774293.8696188325
Sell Daily,Antminer S19,0.03,98,166.0,0.0,784817.0016588996,134534.07798493624,200932830.24,1044.054027814157,95.0,3.25,15770.0,0.08378861686695067,388.43999999999994,784817.0016588996
Sell Daily,Antminer S19,0.03,99,166.0,0.0,795833.0644172834,140942.51870669625,202169005.6,1044.0504160229475,95.0,3.25,15770.0,0.08331252498682114,388.43999999999994,795833.0644172834
Sell Daily,Antminer S19,0.03,100,166.0,0.0,806961.081708286,143201.6835023138,203176989.56,1044.0515943979071,95.0,3.25,15770.0,0.08292896509104988,388.43999999999994,806961.081708286
Sell Daily,Antminer S9,0.03,0,1765.0,0.0,0.0,62869.495587375786,155349877.0,1044.0527146770157,14.5,1.3500000000000005,25592.5,0.17199832800879217,1715.5800000000008,0.0
Sell Daily,Antminer S9,0.03,1,1765.0,0.0,9055.223952341858,62621.714145167956,155349877.0,1044.0500782726165,14.5,1.3500000000000005,25592.5,0.17199789368479468,1715.5800000000008,9055.223952341858
Sell Daily,Antminer S9,0.03,2,1765.0,0.0,18292.370848702427,63679.25455329327,155349877.0,1044.0527459461227,14.5,1.3500000000000005,25592.5,0.17199833316009738,1715.5800000000008,18292.370848702427
Sell Daily,Antminer S9,0.03,3,1765.0,0.0,27468.119729746766,63322.21797924408,155349877.0,1044.0541521999712,14.5,1.3500000000000005,25592.5,0.17199856482781611,1715.5800000000008,27468.119729746766
Sell Daily,Antminer S9,0.03,4,1765.0,0.0,36611.812957435526,63135.79766601669,155349877.0,1044.0541138478072,14.5,1.3500000000000005,25592.5,0.1719985585096408,1715.5800000000008,36611.812957435526
Sell Daily,Antminer S9,0.03,5,1765.0,0.0,45638.762714715944,62457.22012423036,155349877.0,1044.0509556222098,14.5,1.3500000000000005,25592.5,0.17199803822027745,1715.5800000000008,45638.762714715944
Sell Daily,Antminer S9,0.03,6,1765.0,0.0,54720.593785148274,62776.42501138845,155349877.0,1044.0499539992288,14.5,1.3500000000000005,25592.5,0.17199787321186782,1715.5800000000008,54720.593785148274
Sell Daily,Antminer S9,0.03,7,1765.0,0.0,64225.262449724876,65234.79633861841,155349877.0,1044.0507238627329,14.5,1.3500000000000005,25592.5,0.17199800003998067,1715.5800000000008,64225.262449724876
Sell Daily,Antminer S9,0.03,8,1765.0,0.0,73919.62396953367,66337.62384422636,155349877.0,1044.0518285067724,14.5,1.3500000000000005,25592.5,0.1719981820201864,1715.5800000000008,73919.62396953367
Sell Daily,Antminer S9,0.03,9,1765.0,0.0,83419.91232319546,65209.45260885372,155349877.0,1044.0491135414322,14.5,1.3500000000000005,25592.5,0.17199773475397798,1715.5800000000008,83419.91232319546
Sell Daily,Antminer S9,0.03,10,1765.0,0.0,92947.66234443257,65368.87256005655,155349877.0,1044.051869054142,14.5,1.3500000000000005,25592.5,0.1719981887000022,1715.5800000000008,92947.66234443257
Sell Daily,Antminer S9,0.03,11,1765.0,0.0,102963.57815014041,68207.18579702487,155349877.0,1044.0514455943767,14.5,1.3500000000000005,25592.5,0.17199811893880093,1715.5800000000008,102963.57815014041
Sell Daily,Antminer S9,0.03,12,1765.0,0.0,113430.90031482546,70831.70717462042,155349877.0,1044.0497631355029,14.5,1.3500000000000005,25592.5,0.17199784176877952,1715.5800000000008,113430.90031482546
Sell Daily,Antminer S9,0.03,13,1765.0,0.0,124068.22441140638,71819.74721139293,155349877.0,1044.054224851707,14.5,1.3500000000000005,25592.5,0.17199857679653852,1715.5800000000008,124068.22441140638
Sell Daily,Antminer S9,0.03,14,1765.0,0.0,134936.70038072654,73163.8887605325,155349877.0,1044.0508456157822,14.5,1.3500000000000005,25592.5,0.1719980200977044,1715.5800000000008,134936.70038072654
Sell Daily,Antminer S9,0.03,15,1765.0,0.0,145496.61658343783,71370.04413232132,158979288.92,1044.0499982722151,14.5,1.3500000000000005,25592.5,0.1680719373688185,1715.5800000000008,145496.61658343783
Sell Daily,Antminer S9,0.03,16,1765.0,0.0,155868.8121211879,71913.6889161267,159126085.4,1044.053140902661,14.5,1.3500000000000005,25592.5,0.16791751397938387,1715.5800000000008,155868.8121211879
Sell Daily,Antminer S9,0.03,17,1765.0,0.0,166609.8480740026,74158.40159582591,159207207.64,1044.050308589837,14.5,1.3500000000000005,25592.5,0.16783177586535536,1715.5800000000008,166609.8480740026
Sell Daily,Antminer S9,0.03,18,1765.0,0.0,177251.92430164263,73599.7519688446,159282934.28,1044.0554251203298,14.5,1.3500000000000005,25592.5,0.16775273234783988,1715.5800000000008,177251.92430164263
Sell Daily,Antminer S9,0.03,19,1765.0,0.0,188053.6092025278,74582.07251016129,159445468.24,1044.045592551326,14.5,1.3500000000000005,25592.5,0.16758115778016808,1715.5800000000008,188053.6092025278
Sell Daily,Antminer S9,0.03,20,1765.0,0.0,199032.38899224662,75691.8794612293,159561693.52,1044.0465187163472,14.5,1.3500000000000005,25592.5,0.16746008685858216,1715.5800000000008,199032.38899224662
Sell Daily,Antminer S9,0.03,21,1765.0,0.0,209634.93907499884,73482.32187998969,159654937.48,1044.052168075342,14.5,1.3500000000000005,25592.5,0.1673650434165961,1715.5800000000008,209634.93907499884
Sell Daily,Antminer S9,0.03,22,1765.0,0.0,219783.71309209138,70795.38551912428,161944424.56,1044.0477803726753,14.5,1.3500000000000005,25592.5,0.1649990566454267,1715.5800000000008,219783.71309209138
Sell Daily,Antminer S9,0.03,23,1765.0,0.0,229756.96404730942,70750.97874198749,162159194.24,1044.0534814425262,14.5,1.3500000000000005,25592.5,0.16478229136619324,1715.5800000000008,229756.96404730942
Sell Daily,Antminer S9,0.03,24,1765.0,0.0,239938.17717467443,72069.7757066099,162328367.8,1044.052383814096,14.5,1.3500000000000005,25592.5,0.1646128459835443,1715.5800000000008,239938.17717467443
Sell Daily,Antminer S9,0.03,25,1765.0,0.0,249853.07363067358,70480.10542522486,162402565.2,1044.0510675649189,14.5,1.3500000000000005,25592.5,0.16453783250320828,1715.5800000000008,249853.07363067358
Sell Daily,Antminer S9,0.03,26,1765.0,0.0,259808.5467853889,70743.56997438491,162549771.4,1044.0531379138065,14.5,1.3500000000000005,25592.5,0.16439170507697182,1715.5800000000008,259808.5467853889
Sell Daily,Antminer S9,0.03,27,1765.0,0.0,270051.2497046053,72517.23563163044,162672882.32,1044.0558730727564,14.5,1.3500000000000005,25592.5,0.1642690931482332,1715.5800000000008,270051.2497046053
Sell Daily,Antminer S9,0.03,28,1765.0,0.0,280034.46596983814,70980.140814437,162809913.96,1044.0499027368464,14.5,1.3500000000000005,25592.5,0.16413228510906477,1715.5800000000008,280034.46596983814
Sell Daily,Antminer S9,0.03,29,1765.0,0.0,290515.0469990263,74012.99802488502,165726458.48,1044.0517485134687,14.5,1.3500000000000005,25592.5,0.161246207077734,1715.5800000000008,290515.0469990263
Sell Daily,Antminer S9,0.03,30,1765.0,0.0,300754.6589296812,73820.45645381918,166076414.16,1044.0523186101234,14.5,1.3500000000000005,25592.5,0.16090615750285886,1715.5800000000008,300754.6589296812
Sell Daily,Antminer S9,0.03,31,1765.0,0.0,311307.7702661334,75887.70100804718,166215095.44,1044.050819378947,14.5,1.3500000000000005,25592.5,0.16077210915334686,1715.5800000000008,311307.7702661334
Sell Daily,Antminer S9,0.03,32,1765.0,0.0,322216.2094961222,78153.66729302534,166486307.76,1044.0541455539778,14.5,1.3500000000000005,25592.5,0.16051394631105842,1715.5800000000008,322216.2094961222
Sell Daily,Antminer S9,0.03,33,1765.0,0.0,333402.65605638456,79961.02782151694,166615609.8,1044.0541246305816,14.5,1.3500000000000005,25592.5,0.16038933918464507,1715.5800000000008,333402.65605638456
Sell Daily,Antminer S9,0.03,34,1765.0,0.0,344439.219920038,79085.4296755593,166669361.8,1044.0554255727682,14.5,1.3500000000000005,25592.5,0.1603341988713286,1715.5800000000008,344439.219920038
Sell Daily,Antminer S9,0.03,35,1765.0,0.0,355643.38650720223,80181.16090281423,166950133.52,1044.051805660529,14.5,1.3500000000000005,25592.5,0.16006777807737793,1715.5800000000008,355643.38650720223
Sell Daily,Antminer S9,0.03,36,1765.0,0.0,366329.00048597576,77037.09506052149,167190427.48,1044.0536999635756,14.5,1.3500000000000005,25592.5,0.15983816512161755,1715.5800000000008,366329.00048597576
Sell Daily,Antminer S9,0.03,37,1765.0,0.0,376916.985007199,76529.55409484281,168327997.8,1044.0476668058698,14.5,1.3500000000000005,25592.5,0.15875057698766748,1715.5800000000008,376916.985007199
Sell Daily,Antminer S9,0.03,38,1765.0,0.0,387305.4099464733,75883.92865051208,168383200.56,1044.054262326981,14.5,1.3500000000000005,25592.5,0.1587074858921993,1715.5800000000008,387305.4099464733
Sell Daily,Antminer S9,0.03,39,1765.0,0.0,398075.54769748804,78313.86216866323,168667256.8,1044.0491674242546,14.5,1.3500000000000005,25592.5,0.15843956146334476,1715.5800000000008,398075.54769748804
Sell Daily,Antminer S9,0.03,40,1765.0,0.0,408879.3299516707,78625.65803276653,168839480.28,1044.0520602375022,14.5,1.3500000000000005,25592.5,0.1582768889552081,1715.5800000000008,408879.3299516707
Sell Daily,Antminer S9,0.03,41,1765.0,0.0,419901.2831428186,80091.3877723773,168758414.24,1044.0520220097949,14.5,1.3500000000000005,25592.5,0.15836505846075288,1715.5800000000008,419901.2831428186
Sell Daily,Antminer S9,0.03,42,1765.0,0.0,430721.4188672676,78837.05655119025,168968382.12,1044.0531014003857,14.5,1.3500000000000005,25592.5,0.15816981682926318,1715.5800000000008,430721.4188672676
Sell Daily,Antminer S9,0.03,43,1765.0,0.0,441869.79195928556,80968.38634663342,173219326.52,1044.051119037029,14.5,1.3500000000000005,25592.5,0.15428954456271368,1715.5800000000008,441869.79195928556
Sell Daily,Antminer S9,0.03,44,1765.0,0.0,452896.9536813823,82259.6516297789,173867892.88,1044.0533487452033,14.5,1.3500000000000005,25592.5,0.15372128345094438,1715.5800000000008,452896.9536813823
Sell Daily,Antminer S9,0.03,45,1765.0,0.0,464224.23636469507,84433.0190743067,174153370.08,1044.0496208198397,14.5,1.3500000000000005,25592.5,0.15347654134898003,1715.5800000000008,464224.23636469507
Sell Daily,Antminer S9,0.03,46,1765.0,0.0,475078.10159963206,81469.42371027527,174421864.48,1044.0524428722622,14.5,1.3500000000000005,25592.5,0.15324788203119236,1715.5800000000008,475078.10159963206
Sell Daily,Antminer S9,0.03,47,1765.0,0.0,485801.7029815212,80716.79988834319,174582502.64,1044.0471720216656,14.5,1.3500000000000005,25592.5,0.153111748491137,1715.5800000000008,485801.7029815212
Sell Daily,Antminer S9,0.03,48,1765.0,0.0,496886.87718311144,83201.6940876427,174316412.44,1044.0548494698612,14.5,1.3500000000000005,25592.5,0.1534666258959815,1715.5800000000008,496886.87718311144
Sell Daily,Antminer S9,0.03,49,1765.0,0.0,508714.63470639073,88052.64295868616,177516915.64,1044.0501103566191,14.5,1.3500000000000005,25592.5,0.1506888930198072,1715.5800000000008,508714.63470639073
Sell Daily,Antminer S9,0.03,50,1765.0,0.0,521126.0108393434,93547.87284466709,177804462.08,1044.0499368327824,14.5,1.3500000000000005,25592.5,0.15044983776572635,1715.5800000000008,521126.0108393434
Sell Daily,Antminer S9,0.03,51,1765.0,0.0,533887.0150039357,95990.02737176932,178035403.44,1044.0533568469407,14.5,1.3500000000000005,25592.5,0.15028413436200722,1715.5800000000008,533887.0150039357
Sell Daily,Antminer S9,0.03,52,1765.0,0.0,546264.680265149,93607.60487555445,178358814.4,1044.054415527996,14.5,1.3500000000000005,25592.5,0.150020757386112,1715.5800000000008,546264.680265149
Sell Daily,Antminer S9,0.03,53,1765.0,0.0,558637.8007933425,93797.35458034831,178624639.6,1044.0522308766795,14.5,1.3500000000000005,25592.5,0.14980477562828975,1715.5800000000008,558637.8007933425
Sell Daily,Antminer S9,0.03,54,1765.0,0.0,570727.5041154057,92042.18777026358,178815187.52,1044.051390369853,14.5,1.3500000000000005,25592.5,0.14965837725816114,1715.5800000000008,570727.5041154057
Sell Daily,Antminer S9,0.03,55,1765.0,0.0,582629.5982585232,90937.27426918544,178726779.36,1044.054584900088,14.5,1.3500000000000005,25592.5,0.14973872076357655,1715.5800000000008,582629.5982585232
Sell Daily,Antminer S9,0.03,56,1765.0,0.0,594830.5500479039,92930.99652217586,178858401.24,1044.0510895184937,14.5,1.3500000000000005,25592.5,0.14963972585181323,1715.5800000000008,594830.5500479039
Sell Daily,Antminer S9,0.03,57,1765.0,0.0,607528.1432609896,96352.08740808988,180909192.28,1044.0530642739454,14.5,1.3500000000000005,25592.5,0.1480022272481369,1715.5800000000008,607528.1432609896
Sell Daily,Antminer S9,0.03,58,1765.0,0.0,620266.2392063302,97854.33909034738,181628407.36,1044.052220391151,14.5,1.3500000000000005,25592.5,0.14749546873258923,1715.5800000000008,620266.2392063302
Sell Daily,Antminer S9,0.03,59,1765.0,0.0,632248.3997279415,93069.83250873374,182006274.56,1044.0544315251436,14.5,1.3500000000000005,25592.5,0.14726027076332593,1715.5800000000008,632248.3997279415
Sell Daily,Antminer S9,0.03,60,1765.0,0.0,644173.9367744783,92823.98724933842,182364438.8,1044.051790820426,14.5,1.3500000000000005,25592.5,0.14697427891303907,1715.5800000000008,644173.9367744783
Sell Daily,Antminer S9,0.03,61,1765.0,0.0,656382.1772936839,94857.70528704679,182675880.12,1044.0529824835364,14.5,1.3500000000000005,25592.5,0.14673030997808512,1715.5800000000008,656382.1772936839
Sell Daily,Antminer S9,0.03,62,1765.0,0.0,668144.6536165453,92033.59554964265,182887076.44,1044.055203265787,14.5,1.3500000000000005,25592.5,0.1465807171584725,1715.5800000000008,668144.6536165453
Sell Daily,Antminer S9,0.03,63,1765.0,0.0,680452.8243926832,95935.2849957506,182952282.48,1044.0462653373884,14.5,1.3500000000000005,25592.5,0.14657123366816505,1715.5800000000008,680452.8243926832
Sell Daily,Antminer S9,0.03,64,1765.0,0.0,692305.1348258923,92883.83069292644,184386333.72,1044.0499397343008,14.5,1.3500000000000005,25592.5,0.14548753188287086,1715.5800000000008,692305.1348258923
Sell Daily,Antminer S9,0.03,65,1765.0,0.0,704353.5207268551,95078.96590704631,184740708.96,1044.0499378943723,14.5,1.3500000000000005,25592.5,0.14522483770761818,1715.5800000000008,704353.5207268551
Sell Daily,Antminer S9,0.03,66,1765.0,0.0,716732.2570714076,97626.87803039033,185165683.36,1044.0534819833028,14.5,1.3500000000000005,25592.5,0.14492827928226326,1715.5800000000008,716732.2570714076
Sell Daily,Antminer S9,0.03,67,1765.0,0.0,729555.0504184583,100899.7691503279,185535281.52,1044.0548778784223,14.5,1.3500000000000005,25592.5,0.14463445561800825,1715.5800000000008,729555.0504184583
Sell Daily,Antminer S9,0.03,68,1765.0,0.0,742745.2139544036,103553.33552377713,185982977.64,1044.0516577309497,14.5,1.3500000000000005,25592.5,0.14432114178755467,1715.5800000000008,742745.2139544036
Sell Daily,Antminer S9,0.03,69,1765.0,0.0,756289.8823917476,106381.60320830264,186108278.2,1044.0530607128776,14.5,1.3500000000000005,25592.5,0.14429377864041584,1715.5800000000008,756289.8823917476
Sell Daily,Antminer S9,0.03,70,1765.0,0.0,769651.8686785415,105306.52159619278,186337269.0,1044.0516042959562,14.5,1.3500000000000005,25592.5,0.14415625875636726,1715.5800000000008,769651.8686785415
Sell Daily,Antminer S9,0.03,71,1765.0,0.0,782644.2264897227,102916.35381208884,187445689.04,1044.0534453477349,14.5,1.3500000000000005,25592.5,0.14343244404603836,1715.5800000000008,782644.2264897227
Sell Daily,Antminer S9,0.03,72,1765.0,0.0,795913.0988023042,105874.27833471667,188107269.36,1044.0526751336936,14.5,1.3500000000000005,25592.5,0.14299405083345604,1715.5800000000008,795913.0988023042
Sell Daily,Antminer S9,0.03,73,1765.0,0.0,809363.4833123091,107587.45636358218,189324106.64,1044.055308783178,14.5,1.3500000000000005,25592.5,0.14216870366191975,1715.5800000000008,809363.4833123091
Sell Daily,Antminer S9,0.03,74,1765.0,0.0,822578.5556107456,106709.64375089071,189218243.4,1044.049349133148,14.5,1.3500000000000005,25592.5,0.1425536952182845,1715.5800000000008,822578.5556107456
Sell Daily,Antminer S9,0.03,75,1765.0,0.0,835972.6462901678,108265.646343128,189395706.16,1044.0497060328303,14.5,1.3500000000000005,25592.5,0.14253893910146254,1715.5800000000008,835972.6462901678
Sell Daily,Antminer S9,0.03,76,1765.0,0.0,849460.0418094579,108974.5784401483,189822512.16,1044.0548269701499,14.5,1.3500000000000005,25592.5,0.1422233448796775,1715.5800000000008,849460.0418094579
Sell Daily,Antminer S9,0.03,77,1765.0,0.0,863540.7829993666,113476.10269491337,190044964.56,1044.0524952449914,14.5,1.3500000000000005,25592.5,0.1421053330734534,1715.5800000000008,863540.7829993666
Sell Daily,Antminer S9,0.03,78,1765.0,0.0,877294.9633121189,111190.46702175416,190165975.08,1044.0532930886886,14.5,1.3500000000000005,25592.5,0.1422985076178645,1715.5800000000008,877294.9633121189
Sell Daily,Antminer S9,0.03,79,1765.0,0.0,890868.1065443925,110078.74537978342,190193631.08,1044.0508387404532,14.5,1.3500000000000005,25592.5,0.14266439807126655,1715.5800000000008,890868.1065443925
Sell Daily,Antminer S9,0.03,80,1765.0,0.0,903700.2001411578,104944.31323577817,190343826.44,1044.0538256638836,14.5,1.3500000000000005,25592.5,0.14275377283813945,1715.5800000000008,903700.2001411578
Sell Daily,Antminer S9,0.03,81,1765.0,0.0,916520.2507916283,105141.96698626748,190469712.64,1044.0470932512972,14.5,1.3500000000000005,25592.5,0.142875651048089,1715.5800000000008,916520.2507916283
Sell Daily,Antminer S9,0.03,82,1765.0,0.0,930496.6364621249,113406.23438019857,190721249.16,1044.0499165717688,14.5,1.3500000000000005,25592.5,0.14270969696498131,1715.5800000000008,930496.6364621249
Sell Daily,Antminer S9,0.03,83,1765.0,0.0,944151.6390521554,111230.64331042074,190970885.0,1044.0488894897421,14.5,1.3500000000000005,25592.5,0.1425440427529722,1715.5800000000008,944151.6390521554
Sell Daily,Antminer S9,0.03,84,1765.0,0.0,958229.3720412481,114533.1434105588,191418367.0,1044.0478396399556,14.5,1.3500000000000005,25592.5,0.14224075732123567,1715.5800000000008,958229.3720412481
Sell Daily,Antminer S9,0.03,85,1765.0,0.0,972628.1220891763,117072.49369992327,193665114.56,1044.0491325544817,14.5,1.3500000000000005,25592.5,0.14067991907968133,1715.5800000000008,972628.1220891763
Sell Daily,Antminer S9,0.03,86,1765.0,0.0,985620.9094436389,108310.80286482075,194669405.4,1044.0528314020373,14.5,1.3500000000000005,25592.5,0.1399830064646802,1715.5800000000008,985620.9094436389
Sell Daily,Antminer S9,0.03,87,1765.0,0.0,998397.287875098,107095.92195549446,195297502.2,1044.049399809829,14.5,1.3500000000000005,25592.5,0.13954505495642788,1715.5800000000008,998397.287875098
Sell Daily,Antminer S9,0.03,88,1765.0,0.0,1011665.6555468935,110902.32903482372,195629431.16,1044.0537354913122,14.5,1.3500000000000005,25592.5,0.13931135637773268,1715.5800000000008,1011665.6555468935
Sell Daily,Antminer S9,0.03,89,1765.0,0.0,1026324.1868201772,121459.414264909,195896277.16,1044.0548776811354,14.5,1.3500000000000005,25592.5,0.13913166512968358,1715.5800000000008,1026324.1868201772
Sell Daily,Antminer S9,0.03,90,1765.0,0.0,1041223.3086253605,123420.54566788365,196243112.36,1044.0530636591652,14.5,1.3500000000000005,25592.5,0.1389324830689292,1715.5800000000008,1041223.3086253605
Sell Daily,Antminer S9,0.03,91,1765.0,0.0,1057272.601424243,132288.4699421975,196275386.88,1044.0533487527066,14.5,1.3500000000000005,25592.5,0.13897549766101805,1715.5800000000008,1057272.601424243
Sell Daily,Antminer S9,0.03,92,1765.0,0.0,1073698.352799339,135246.3169753694,196757692.6,1044.0565393304437,14.5,1.3500000000000005,25592.5,0.13867957027508387,1715.5800000000008,1073698.352799339
Sell Daily,Antminer S9,0.03,93,1765.0,0.0,1089513.2322937243,130998.53068337437,197232180.36,1044.0536250803025,14.5,1.3500000000000005,25592.5,0.13836787338667916,1715.5800000000008,1089513.2322937243
Sell Daily,Antminer S9,0.03,94,1765.0,0.0,1105611.1577088623,133196.0400747934,197683059.28,1044.055751726422,14.5,1.3500000000000005,25592.5,0.13806141672989916,1715.5800000000008,1105611.1577088623
Sell Daily,Antminer S9,0.03,95,1765.0,0.0,1120313.0472178005,123311.09034674075,198027278.44,1044.0506318669743,14.5,1.3500000000000005,25592.5,0.1378311655927516,1715.5800000000008,1120313.0472178005
Sell Daily,Antminer S9,0.03,96,1765.0,0.0,1135586.6451469162,127676.81049384164,198403288.76,1044.0562313744624,14.5,1.3500000000000005,25592.5,0.137595190472859,1715.5800000000008,1135586.6451469162
Sell Daily,Antminer S9,0.03,97,1765.0,0.0,1151306.3985998712,131233.10103934156,200432918.96,1044.053815918158,14.5,1.3500000000000005,25592.5,0.13628498577166678,1715.5800000000008,1151306.3985998712
Sell Daily,Antminer S9,0.03,98,1765.0,0.0,1167298.7708785916,134534.07798493624,200932830.24,1044.054027814157,14.5,1.3500000000000005,25592.5,0.13597718307973586,1715.5800000000008,1167298.7708785916
Sell Daily,Antminer S9,0.03,99,1765.0,0.0,1184091.1006340722,140942.51870669625,202169005.6,1044.0504160229475,14.5,1.3500000000000005,25592.5,0.1352045526775663,1715.5800000000008,1184091.1006340722
Sell Daily,Antminer S9,0.03,100,1765.0,0.0,1201065.1169067414,143201.6835023138,203176989.56,1044.0515943979071,14.5,1.3500000000000005,25592.5,0.13458208871862362,1715.5800000000008,1201065.1169067414
